PRISM_tmea,
0.26610
-3.46200
-7.56960
-8.95370
-11.14860
-6.27640
